xmin,ymin,xmax,ymax,confidence,class,name
103.50251770019531,1.481048583984375,691.5496215820312,481.0860290527344,0.7296088337898254,0,person
582.866455078125,51.82228088378906,771.9712524414062,464.2677001953125,0.6974020600318909,72,refrigerator
16.59063720703125,455.9888610839844,949.6520385742188,712.61767578125,0.32816001772880554,60,dining table
927.8090209960938,304.4292297363281,959.6906127929688,481.9737854003906,0.30441248416900635,0,person
