xmin,ymin,xmax,ymax,confidence,class,name
313.9924011230469,1.9108200073242188,623.448974609375,258.0727844238281,0.7210749387741089,0,person
1.5805435180664062,1.7577095031738281,345.1896057128906,352.74114990234375,0.590441882610321,0,person
0.0,152.4999237060547,913.15869140625,477.8218994140625,0.27022117376327515,66,keyboard
