xmin,ymin,xmax,ymax,confidence,class,name
728.705810546875,63.31003189086914,960.0,261.8736877441406,0.4675906300544739,0,person
2.703248977661133,4.42913818359375,108.45025634765625,435.03179931640625,0.447121798992157,0,person
14.018234252929688,0.0,722.5253295898438,420.17059326171875,0.403117299079895,0,person
376.080322265625,329.7445983886719,960.0,463.3588562011719,0.32837721705436707,66,keyboard
721.8973388671875,16.57115936279297,776.3443603515625,204.57102966308594,0.25278812646865845,56,chair
