xmin,ymin,xmax,ymax,confidence,class,name
709.9782104492188,139.23545837402344,960.0,362.9202880859375,0.6755361557006836,0,person
0.06160926818847656,177.80349731445312,133.0724639892578,381.4092712402344,0.4590248167514801,32,sports ball
819.8323974609375,0.0,882.4824829101562,56.05302429199219,0.36131811141967773,39,bottle
