xmin,ymin,xmax,ymax,confidence,class,name
743.9467163085938,48.4476318359375,1141.912109375,720.0,0.8825271129608154,0,person
441.8567199707031,437.5567932128906,496.5690002441406,710.3634033203125,0.6714195013046265,27,tie
122.93942260742188,193.50531005859375,718.814453125,719.6204223632812,0.6336251497268677,0,person
982.9352416992188,308.56500244140625,1027.343505859375,420.21435546875,0.25571706891059875,27,tie
