xmin,ymin,xmax,ymax,confidence,class,name
745.2073974609375,0.5340614318847656,952.4417724609375,301.4753112792969,0.6815922856330872,72,refrigerator
231.05589294433594,0.0,738.2916870117188,287.3539123535156,0.6618726253509521,0,person
577.05712890625,66.1600570678711,650.3798828125,140.3186798095703,0.3253574073314667,0,person
