xmin,ymin,xmax,ymax,confidence,class,name
547.5325317382812,58.602149963378906,730.08837890625,464.63873291015625,0.8352496027946472,72,refrigerator
8.473594665527344,0.0,602.6142578125,467.9900207519531,0.632809579372406,0,person
881.8262329101562,259.298583984375,959.8086547851562,478.7435302734375,0.5896623730659485,0,person
10.152580261230469,3.9328765869140625,598.7883911132812,472.4320068359375,0.2943844795227051,15,cat
636.0903930664062,0.6784629821777344,681.0816040039062,64.47681427001953,0.2815972566604614,58,potted plant
