xmin,ymin,xmax,ymax,confidence,class,name
786.1346435546875,118.8149185180664,959.3992919921875,300.23052978515625,0.4612675607204437,56,chair
94.31277465820312,0.0,709.2020874023438,307.6560974121094,0.2873237431049347,0,person
