xmin,ymin,xmax,ymax,confidence,class,name
86.09783935546875,0.4368095397949219,716.5254516601562,292.6716003417969,0.5442266464233398,0,person
786.1146240234375,111.65508270263672,959.3492431640625,298.98431396484375,0.4308415353298187,0,person
788.6068725585938,121.9844970703125,958.7841796875,301.59808349609375,0.2911361753940582,56,chair
