xmin,ymin,xmax,ymax,confidence,class,name
337.16241455078125,1.1770133972167969,960.0,354.8087158203125,0.37423521280288696,0,person
26.808700561523438,346.496826171875,960.0,713.8397216796875,0.32502982020378113,60,dining table
