xmin,ymin,xmax,ymax,confidence,class,name
326.0343017578125,0.7027816772460938,622.8280029296875,204.49526977539062,0.5903550386428833,0,person
4.315361022949219,1.9516639709472656,386.3253479003906,347.1679992675781,0.4265906512737274,0,person
