xmin,ymin,xmax,ymax,confidence,class,name
562.681396484375,265.80126953125,651.387939453125,370.51812744140625,0.6013715863227844,32,sports ball
3.430126190185547,0.0,360.740966796875,456.09100341796875,0.4960564374923706,0,person
