xmin,ymin,xmax,ymax,confidence,class,name
2.842334747314453,1.7339057922363281,386.4706726074219,350.0765075683594,0.4958166778087616,0,person
324.335205078125,1.2924327850341797,627.1984252929688,170.00161743164062,0.4388444423675537,0,person
