xmin,ymin,xmax,ymax,confidence,class,name
2.686237335205078,2.47576904296875,126.28875732421875,435.1459655761719,0.43554601073265076,0,person
810.2755737304688,139.69200134277344,959.56494140625,269.0704345703125,0.3207261562347412,0,person
29.649673461914062,0.0,750.1182861328125,411.2698059082031,0.26136377453804016,0,person
