xmin,ymin,xmax,ymax,confidence,class,name
889.1112670898438,4.452415466308594,958.56591796875,265.050537109375,0.34189528226852417,0,person
2.249176025390625,0.9339752197265625,814.3005981445312,403.015869140625,0.3390258252620697,0,person
