xmin,ymin,xmax,ymax,confidence,class,name
752.6231689453125,1.4421157836914062,959.050048828125,287.1487731933594,0.5090196132659912,0,person
17.84527587890625,2.635986328125,880.0309448242188,382.9858093261719,0.3264078199863434,0,person
25.746322631835938,354.85565185546875,960.0,716.99560546875,0.25302210450172424,60,dining table
