xmin,ymin,xmax,ymax,confidence,class,name
5.925041198730469,2.437774658203125,725.0564575195312,419.6911315917969,0.41066843271255493,0,person
2.4696807861328125,1.8644256591796875,128.73350524902344,433.7679138183594,0.3650311231613159,0,person
374.8960876464844,327.51763916015625,960.0,468.0678405761719,0.29435691237449646,66,keyboard
