xmin,ymin,xmax,ymax,confidence,class,name
431.3334045410156,1.4040756225585938,621.1622314453125,218.3762664794922,0.6704872250556946,0,person
56.164878845214844,3.3033370971679688,452.0940856933594,355.1575012207031,0.3143724501132965,0,person
