xmin,ymin,xmax,ymax,confidence,class,name
786.1113891601562,116.50077056884766,958.2222900390625,298.6670837402344,0.3270163834095001,56,chair
75.75320434570312,0.0,722.5380249023438,302.6355285644531,0.32204145193099976,0,person
