xmin,ymin,xmax,ymax,confidence,class,name
895.7825927734375,6.253520965576172,958.9788818359375,258.52947998046875,0.33766475319862366,0,person
1.8715667724609375,0.0,604.7359619140625,417.7599792480469,0.2630532383918762,0,person
