xmin,ymin,xmax,ymax,confidence,class,name
699.133544921875,77.86927032470703,958.9693603515625,348.48370361328125,0.433337539434433,0,person
0.4197521209716797,175.45460510253906,132.36343383789062,375.76141357421875,0.2625950276851654,32,sports ball
