xmin,ymin,xmax,ymax,confidence,class,name
787.5081176757812,112.67488861083984,958.9391479492188,297.0947265625,0.4516793191432953,0,person
164.1121368408203,1.1594924926757812,721.0213623046875,288.6876525878906,0.2862890064716339,0,person
