xmin,ymin,xmax,ymax,confidence,class,name
433.0518493652344,0.5751228332519531,738.2697143554688,250.5377197265625,0.5801035165786743,0,person
1.1809043884277344,1.7662925720214844,375.3965148925781,331.1817626953125,0.3353641629219055,0,person
