xmin,ymin,xmax,ymax,confidence,class,name
318.620361328125,1.2900810241699219,624.5277099609375,248.77574157714844,0.5883585810661316,0,person
6.182670593261719,2.4636383056640625,291.71673583984375,314.30548095703125,0.36537396907806396,0,person
