xmin,ymin,xmax,ymax,confidence,class,name
320.32647705078125,0.88092041015625,622.9307861328125,169.606201171875,0.48650413751602173,0,person
2.7062416076660156,1.5971145629882812,377.7237854003906,349.519775390625,0.4850030243396759,0,person
